code,name,category,price,sale_price,size,stock,available,note,image
OTH30,"China Doll","Indoor Plants",234,,,1,yes,"🌳 China doll offers fine ferny foliage that softens bright indoor spaces. It prefers bright indirect light and even moisture without drying out hard. In Bangladesh interiors it reads as an elegant room plant with a lacy...",indoor_OTH30_china-doll.jpg
OTH57,"Fortune Plant","Indoor Plants",0,,,50,yes,"🌳 Fortune plant offers upright canes with striped leaves for bright indoor corners. It is a practical Bangladesh nursery plant grown for striped tropical foliage. Place it in bright indirect light for the strongest...",indoor_OTH57_fortune-plant.jpg
OTH55,"Money Plant","Indoor Plants",0,,,50,yes,"🌳 Money plant offers trailing golden pothos that softens shelves hangers and office desks. It is a practical Bangladesh nursery plant grown for easy trailing vines. Place it in low to medium light for the strongest...",indoor_OTH55_money-plant.jpg
IND02,Philodendron,"Indoor Plants",0,,,20,yes,,
OTH09,"Rubber fig","Indoor Plants",260,,,3,yes,"🌳 Rubber fig is a bold glossy-leaved indoor statement plant for bright living rooms. Large architectural foliage makes one plant enough to fill a corner visually. It prefers bright indirect light and water only when the...",
OTH10,"Rubber Variegated","Indoor Plants",0,,,2,yes,"🌳 Variegated rubber plant brightens indoor corners with cream-edged leaves. It needs more light than solid-green rubber figs to keep strong variegation. Bright indirect light and careful watering prevent dull faded...",
OTH17,"Silver Queen","Indoor Plants",460,,,2,yes,"🌳 Silver Queen is an aglaonema with silvery patterned foliage that thrives in lower indoor light. It is an easy desk or corner plant for Bangladesh apartments and offices. Water sparingly and avoid soggy soil to prevent...",
IND03,"Snake plant - short","Indoor Plants",0,,,30,yes,"🌳 Dracaena trifasciata is a species of flowering plant in the family Asparagaceae, native to tropical West Africa from Nigeria east to the Congo. It is most commonly known as the snake plant, Saint George's sword...",indoor_IND03_snake-plant-short.jpg
OTH54,"Snake Plant - tall","Indoor Plants",310,,,80,yes,"🌳 Tall snake plant offers upright sword leaves that forgive neglect and help freshen indoor air. It is a practical Bangladesh nursery plant grown for architectural upright leaves. Place it in low to bright indirect...",indoor_OTH54_snake-plant-tall.jpg
IND01,Succulent,"Indoor Plants",0,,,20,yes,,indoor_IND01_succulent.jpg
OTH56,"Z Z plant","Indoor Plants",105,,,60,yes,"🌳 ZZ plant offers glossy drought-tough foliage for dim rooms and busy households. It is a practical Bangladesh nursery plant grown for thick shiny leaflets. Place it in low light tolerant for the strongest performance...",
OTH33,"Bottle Palm","Outdoor Plants",400,,,100,yes,"🌳 Bottle palm is known for its swollen trunk and graceful fronds as a sculptural tropical accent. It is an iconic landscape palm for sunny Bangladesh gardens with good drainage. Full sun outdoors develops the strongest...",outdoor_OTH33_bottle-palm.jpg
OUT01,"Cycus Palm","Outdoor Plants",400,,,5,yes,"🌳 Cycas revoluta, the classic sago-style cycad, is prized in Bangladesh gardens for its stout trunk and stiff feather-like fronds. It grows slowly but builds a bold architectural silhouette that anchors lawns, driveway...",outdoor_OUT01_cycus-palm.jpg
OTH50,"erica Palm","Outdoor Plants",320,,,130,yes,"🌳 Areca palm offers clumping golden cane palm for outdoor screens or bright indoor rooms. It is a practical Bangladesh nursery plant grown for soft feathery fronds. Place it in bright light outdoor or bright indoor for...",outdoor_OTH50_erica-palm.jpg
OTH34,"Fishtail palm","Outdoor Plants",600,,,150,yes,"🌳 Fishtail palm has bipinnate fishtail leaflets for lush tropical screening. It suits Bangladesh courtyards that want a soft green vertical accent. Sun to partial shade and even moisture keep fronds lush. Clumping habit...",outdoor_OTH34_fishtail-palm.jpg
OUT03,Patabahar,"Outdoor Plants",0,,,20,yes,,outdoor_OUT03_patabahar.jpg
FRT11,Avacado,"Fruit Trees",950,910,,5,yes,"🌳 Persea americana, avocado, is a creamy tropical fruit tree for outdoor planting with space and sun. It grows into a substantial canopy and needs patience before heavy crops arrive. Bangladesh gardeners often start...",fruit_FRT11_avacado.jpg
FRT12,"Banana - G9","Fruit Trees",170,,,10,yes,"🌳 Banana G9 is a tissue-culture Cavendish-type plant selected for fast productive bunches. It loves full sun, rich soil, and steady moisture because bananas are heavy feeders. In Bangladesh backyards it can deliver...",fruit_FRT12_banana-g9.jpg
OTH35,"Cherry Red","Fruit Trees",80,,,22,yes,"🌳 Jamaica cherry (red) is a fast-growing backyard tree with small sweet fruits and continuous light flowering. It establishes quickly in full sun Bangladesh gardens. Soft white flowers appear along with developing fruit...",fruit_OTH35_cherry-red.jpg
OTH36,"Cherry white","Fruit Trees",225,,,2,yes,"🌳 Jamaica cherry (white) is a fast-growing backyard tree with small sweet fruits and continuous light flowering. It establishes quickly in full sun Bangladesh gardens. Soft white flowers appear along with developing...",fruit_OTH36_cherry-white.jpg
FRT18,"Chiang Mai Mango","Fruit Trees",325,,,5,yes,"🌳 Chiang Mai mango is a Thai-origin cultivar known for aromatic tropical sweetness. It performs as a full-sun outdoor fruit tree in fertile drained Bangladesh soils. Consistent watering while establishing prevents early...",fruit_FRT18_chiang-mai-mango.jpg
FRT05,Durian,"Fruit Trees",1600,,,1,yes,"🌳 Durio zibethinus, durian, is the legendary king of fruits and a tall tropical tree for spacious outdoor plots. It demands warmth, deep soil, and room for a large canopy. In Bangladesh it suits dedicated growers with...",
FRT07,Grapes,"Fruit Trees",800,,,2,yes,"🌳 Vitis vinifera, the grape vine, is a climbing fruit plant for trellis, balcony rails, and garden arbors. It needs strong support, full sun for ripening, and thoughtful watering so roots never sit soggy. With training...",fruit_FRT07_grapes.jpg
FRT08,"Guava - 8","Fruit Trees",200,,,10,yes,"🌳 Psidium guajava (size 8) is a fragrant tropical fruit tree that is productive and easy in Bangladesh gardens. It thrives in heat and forgives ordinary soil when drainage is decent. The aromatic fruits are eaten fresh...",fruit_FRT08_guava-8.jpg
FRT09,"Guava -5","Fruit Trees",130,,,10,yes,"🌳 Psidium guajava (size 5) is a fragrant tropical fruit tree that is productive and easy in Bangladesh gardens. It thrives in heat and forgives ordinary soil when drainage is decent. The aromatic fruits are eaten fresh...",fruit_FRT09_guava-5.jpg
FRT10,"Guava Madhavi","Fruit Trees",0,,,10,yes,"🌳 Psidium guajava (Madhavi cultivar) is a fragrant tropical fruit tree that is productive and easy in Bangladesh gardens. It thrives in heat and forgives ordinary soil when drainage is decent. The aromatic fruits are...",fruit_FRT10_guava-madhavi.jpg
FRT25,Jackfruit,"Fruit Trees",0,,,30,yes,"🌳 The jackfruit or jakfruit is a fruit tree in the mulberry family of Moraceae. Native to India, the species was first described under the name Artocarpus heterophyllus in Encyclopédie Méthodique, Botanique in 1789 by...",fruit_FRT25_jackfruit.jpg
FRT17,"Katimon mango plant","Fruit Trees",160,,,5,yes,"🌳 Katimon mango is a popular local cultivar prized for taste and home orchards across Bangladesh. It performs as a full-sun outdoor fruit tree in fertile drained Bangladesh soils. Consistent watering while establishing...",
FRT16,"Miyazaki Mango plant","Fruit Trees",325,,,5,yes,"🌳 Miyazaki mango is a premium Japanese-style mango cultivar for dedicated growers seeking high fruit quality. It needs full sun, attentive dry-season watering, and careful culture compared with rugged local seedlings...",
FRT06,"Red Mulberry","Fruit Trees",0,,,2,yes,"🌳 Morus rubra, red mulberry, is a fast-growing tree with sweet berries for fresh eating and wildlife gardens. It establishes quickly in sunny Bangladesh plots and can provide early shade. The fruiting season is...",
FRT13,"Silvia Cherry","Fruit Trees",1170,1100,,3,yes,"🌳 Silvia cherry is an ornamental flowering cherry with seasonal blossom and fruit interest where climate allows. In Bangladesh treat it as a specialty plant for cooler bright microclimates rather than a guaranteed...",
FRT01,"Tin Fruit","Fruit Trees",400,390,,3,yes,"🌳 Sandoricum koetjape, known as tin fruit or santol, is a tropical fruit tree with sweet-sour fleshy segments loved fresh or in preserves. It is popular in Bangladesh backyard orchards for both harvest and pleasant...",
OTH45,"Almanda - purple","Flowering Plants",400,,,19,yes,"🌳 Purple allamanda offers violet trumpet flowers on a tropical shrub or climber. It is a practical Bangladesh nursery plant grown for rich purple blooms. Place it in full sun for the strongest performance. Fertile...",flower_OTH45_almanda-purple.jpg
OTH19,"Almanda - yellow","Flowering Plants",260,,,50,yes,"🌳 Allamanda offers sunny yellow trumpet flowers on a vigorous tropical shrub or climber. Bangladesh gardeners plant it for cheerful yellow blooms in warm outdoor conditions. It prefers full sun and fertile free-draining...",flower_OTH19_almanda-yellow.jpg
OTH46,"Asian bleeding-heart","Flowering Plants",110,,,2,yes,"🌳 Asian bleeding-heart offers heart-shaped dangling blooms for cooler shaded beds. It is a practical Bangladesh nursery plant grown for distinctive heart-shaped flowers. Place it in partial shade preferred for the...",flower_OTH46_asian-bleeding-heart.jpg
OTH11,Azalea,"Flowering Plants",400,,,1,yes,"🌳 Azalea offers massed colourful blooms for cool-season pots and shaded beds. In Bangladesh gardens it is grown for dense flower clusters for festive colour. Provide fertile free-draining soil and consistent moisture...",flower_OTH11_azalea.jpg
OTH51,"Bagan Bilash (Bougainvillea)","Flowering Plants",0,,,200,yes,"🌳 Bagan bilash offers fiery paper bracts that thrive in sun and heat. It is a practical Bangladesh nursery plant grown for masses of colourful bracts. Place it in full baking sun for the strongest performance. Fertile...",flower_OTH51_bagan-bilash-bougainvillea.jpg
OTH27,"Basar Lota","Flowering Plants",160,,,3,yes,"🌳 Basar lota offers cascading purple flower sprays on a woody climber. Bangladesh gardeners plant it for purple cascade blooms in warm outdoor conditions. It prefers full sun and fertile free-draining soil. Regular...",flower_OTH27_basar-lota.jpg
OTH29,Bottlebrushes,"Flowering Plants",200,,,3,yes,"🌳 Bottlebrush offers red brush-like flower spikes that draw birds and pollinators. Bangladesh gardeners plant it for unique bottlebrush blooms in warm outdoor conditions. It prefers full sun and fertile free-draining...",flower_OTH29_bottlebrushes.jpg
OTH40,Camellia,"Flowering Plants",420,,,3,yes,"🌳 Camellia offers formal rose-like blooms on an evergreen shrub for cool bright spots. It is a practical Bangladesh nursery plant grown for elegant seasonal flowers. Place it in morning sun / filtered light for the...",flower_OTH40_camellia.jpg
OTH61,"Canna indica (Kolaboti)","Flowering Plants",0,,,5,yes,"🌳 Kolaboti offers bold tropical leaves and vibrant flower spikes. It is a practical Bangladesh nursery plant grown for bright canna flower spikes. Place it in full sun for the strongest performance. Fertile...",flower_OTH61_canna-indica-kolaboti.jpg
OTH41,"cassia plant","Flowering Plants",130,,,19,yes,"🌳 Cassia plant offers sunny flowering cassia for tropical borders and open gardens. It is a practical Bangladesh nursery plant grown for bright yellow flowering. Place it in full sun for the strongest performance...",flower_OTH41_cassia-plant.jpg
OTH53,"Frangipani (Kath golap)","Flowering Plants",0,,,400,yes,"🌳 Frangipani offers iconic temple flowers with sweet perfume and sculptural branches. It is a practical Bangladesh nursery plant grown for famous scented plumeria blooms. Place it in full sun for the strongest...",flower_OTH53_frangipani-kath-golap.jpg
OTH31,Galfenia,"Flowering Plants",325,,,4,yes,"🌳 Gardenia or galfenia produces creamy white roses of fragrance for sheltered garden spots. It wants morning sun light shade acidic moist well-drained soil and steady care. In Bangladesh it is a premium scented shrub...",flower_OTH31_galfenia.jpg
OTH21,Gerbera,"Flowering Plants",130,,,10,yes,"🌳 Gerbera offers bold daisy blooms in vivid colours for pots and sunny beds. Bangladesh gardeners plant it for long-lasting cut flowers in warm outdoor conditions. It prefers bright sun and fertile free-draining soil...",flower_OTH21_gerbera.jpg
OTH16,hydrangea,"Flowering Plants",260,,,5,yes,"🌳 Hydrangea offers big mop-head blooms for cool bright garden spots and large pots. In Bangladesh gardens it is grown for show-stopping flower heads for seasonal colour. Provide fertile free-draining soil and consistent...",flower_OTH16_hydrangea.jpg
OTH03,Jacaranda,"Flowering Plants",400,360,,53,yes,"🌳 Jacaranda is famous for lavender-blue blossom clouds on a graceful ornamental shade tree. In Bangladesh it is planted as a landscape feature for avenues large gardens and open lawns. The ferny foliage stays attractive...",flower_OTH03_jacaranda.jpg
OTH22,"Jarul Plant","Flowering Plants",105,,,7,yes,"🌳 Jarul offers majestic purple summer flowers on a large ornamental timber tree. Bangladesh gardeners plant it for lavish purple flower panicles in warm outdoor conditions. It prefers full sun and fertile free-draining...",
OTH39,"Joba - red","Flowering Plants",200,,,30,yes,"🌳 Joba red offers classic red hibiscus blooms almost year-round in warm climates. It is a practical Bangladesh nursery plant grown for bold red tropical flowers. Place it in full sun for the strongest performance...",
OTH12,Jui,"Flowering Plants",200,,,2,yes,"🌳 Jui offers beloved white flowers with rich evening fragrance. In Bangladesh gardens it is grown for iconic scented blooms for courtyards and balconies. Provide fertile free-draining soil and consistent moisture while...",
OTH23,"Kamini Cotton","Flowering Plants",0,,,2,yes,"🌳 Kamini Cotton offers soft-textured kamini selection with fragrant white sprays. Bangladesh gardeners plant it for soft fragrant blooms in warm outdoor conditions. It prefers bright outdoor light and fertile...",
OTH08,"Kamini Hazari","Flowering Plants",200,,,3,yes,"🌳 Kamini Hazari is a dense kamini selection packed with scented white flower sprays. It is chosen when heavier fragrant flowering and a formal shrub outline are wanted. Bright sun and even moisture keep the plant...",
OTH04,"kamini thai","Flowering Plants",130,,,3,yes,"🌳 Thai kamini is a classic courtyard shrub with intensely fragrant white flower clusters. Night scent makes it a favourite beside verandahs and seating areas in Bangladesh homes. It grows as a dense evergreen that can...",flower_OTH04_kamini-thai.jpg
OTH24,"Kanchan Rokto (red)","Flowering Plants",180,156,,85,yes,"🌳 Kanchan rokto offers orchid-tree blossoms in rich red tones for garden drama. Bangladesh gardeners plant it for orchid-like red flowers in warm outdoor conditions. It prefers full sun and fertile free-draining soil...",flower_OTH24_kanchan-rokto-red.jpg
OTH15,"Kanthali champa","Flowering Plants",250,240,,1,yes,"🌳 Kanthali champa offers creamy fragrant champaca flowers on an elegant evergreen tree. In Bangladesh gardens it is grown for intensely perfumed blooms on a premium ornamental tree. Provide fertile free-draining soil...",
OTH32,"Land Lotus","Flowering Plants",300,285,,8,yes,"🌳 Land lotus is an ornamental lotus-style planting for moist garden features. It offers lotus-inspired foliage and blooms in full sun with consistently moist soil. Bangladesh gardeners use it as a unique statement...",
OTH38,"Lota Parul","Flowering Plants",200,,,200,yes,"🌳 Lota parul offers fragrant climbing or sprawling blossom vine for traditional gardens. It is a practical Bangladesh nursery plant grown for soft fragrant flowers. Place it in bright outdoor light for the strongest...",flower_OTH38_lota-parul.jpg
OTH26,"madhobi lota","Flowering Plants",105,,,3,yes,"🌳 Madhobi lota offers fragrant climbing vine with clusters of soft pinkish-white flowers. Bangladesh gardeners plant it for sweet-scented climber blooms in warm outdoor conditions. It prefers sun to partial shade and...",
OTH07,"madhumalti plant","Flowering Plants",200,170,,3,yes,"🌳 Madhumalti or Rangoon creeper is a vigorous fragrant climber with colour-changing blooms. Flowers shift from white to pink to red creating a multi-tone display on the same vine. It covers arches fences and pergolas...",
OTH44,"Nakachua - green","Flowering Plants",240,,,47,yes,"🌳 Nakachua green offers leafy crepe jasmine form with the same charming white flowers. It is a practical Bangladesh nursery plant grown for white pinwheel blooms with lush green foliage. Place it in bright outdoor light...",flower_OTH44_nakachua-green.jpg
OTH43,"Nakachua - white","Flowering Plants",1000,900,,10,yes,"🌳 Nakachua white offers pinwheel white flowers (crepe jasmine) with soft fragrance. It is a practical Bangladesh nursery plant grown for pure white pinwheel blooms. Place it in sun to partial shade for the strongest...",
OTH59,"Night Lily","Flowering Plants",0,,,20,yes,"🌳 Night lily offers white starry blooms after showers. It is a practical Bangladesh nursery plant grown for sudden rain-triggered blooms. Place it in full sun to light shade for the strongest performance. Fertile...",flower_OTH59_night-lily.jpg
FLW01,Oporajita,"Flowering Plants",0,,,40,yes,"🌳 Clitoria ternatea, commonly known as Shankhupushpam , Asian pigeonwings, bluebellvine, blue pea, butterfly pea, cordofan pea, or Darwin pea, is a plant species belonging to the family Fabaceae and native to the...",flower_FLW01_oporajita.jpg
FLW02,Orchid,"Flowering Plants",0,,,25,yes,,flower_FLW02_orchid.jpg
OUT02,Polash,"Flowering Plants",80,56,,95,yes,"🌳 Butea monosperma, called Polash or Flame of the Forest, lights up the dry season with brilliant orange-red blooms. Before monsoon, leafless branches erupt in colour that transforms roadsides and village edges. In...",flower_OUT02_polash.jpg
OTH28,"Rangan - yellow","Flowering Plants",80,,,7,yes,"🌳 Rangan yellow offers tight clusters of sunny yellow ixora flowers for borders and pots. Bangladesh gardeners plant it for bright yellow flower balls in warm outdoor conditions. It prefers full sun and fertile...",
OTH14,"Shiuli plant","Flowering Plants",70,,,1,yes,"🌳 Shiuli offers coral-tubed white flowers that carpet the ground at dawn in autumn. In Bangladesh gardens it is grown for festive shiuli blossoms with signature seasonal charm. Provide fertile free-draining soil and...",
OTH37,Shonalu,"Flowering Plants",110,,,2,yes,"🌳 Shonalu is the local name for golden shower tree with yellow flower cascades in summer. It is planted across Bangladesh as a spectacular flowering and ornamental timber tree. Full sun and low water once mature make it...",
OTH47,"Indian-almond (kath Badam)","Wood Trees",50,46,,100,yes,"🌳 Indian almond offers broad coastal shade tree with edible kernels and autumn colour. It is a practical Bangladesh nursery plant grown for edible almond-like kernels with shade timber value. Place it in full sun for...",wood_OTH47_indian-almond-kath-badam.jpg
WOD01,Mehoguni,"Wood Trees",0,,,50,yes,"🌳 Swietenia mahagoni, commonly known as American mahogany, Cuban mahogany, small-leaved mahogany, and West Indian mahogany, is a species of Swietenia native to the broader Caribbean bioregion. It is the species from...",wood_WOD01_mehoguni.jpg
OTH06,"Red sandalwood","Wood Trees",300,,,1,yes,"🌳 Red sandalwood is a prized timber tree with rich heartwood planted for long-term growth. In Bangladesh it is an investment landscape tree rather than a quick ornamental flower crop. Full sun outdoors and moderate...",wood_OTH06_red-sandalwood.jpg
OTH58,"White Sandalwood","Wood Trees",0,,,60,yes,"🌳 White sandalwood offers fragrant heartwood tree grown outdoors with care and patience. It is a practical Bangladesh nursery plant grown for fragrant sandalwood timber over the long term. Place it in full sun for the...",
HRB01,"Bay leaf (Tej Patta)","Seasoning Plants",330,,,6,yes,"🌳 Bay leaf or tej patta is an aromatic evergreen grown for kitchen seasoning in curries biryani and slow-cooked dishes. In Bangladesh it is cultivated as a small outdoor tree or large shrub with fragrant leaves ready to...",seasoning_HRB01_bay-leaf-tej-patta.jpg
OTH49,"Moringa (Sojna)","Seasoning Plants",40,,,20,yes,"🌳 Moringa offers miracle tree with edible leaves pods and flowers for kitchens year-round. It is a practical Bangladesh nursery plant grown for nutrient-dense leaves and pods. Place it in full sun for the strongest...",
BRD04,Bajarika,Birds,250,,,2,yes,"🐦 The budgerigar, also known as the common parakeet, shell parakeet or budgie, is a small, long-tailed, seed-eating parrot native to Australia. Naturally, the species is green and yellow with black, scalloped markings...",birds_BRD04_bajarika.jpg
BRD02,Cockatiel,Birds,2000,,,6,yes,"🐦 The cockatiel, also known as the weero/weiro or quarrion, is a species of small- to medium-sized parrot belonging to the cockatoo family (Cacatuidae), of which it is the smallest member. Native to Australia, it is the...",birds_BRD02_cockatiel.jpg
BRD05,Dove,Birds,3000,,,4,yes,"🐦 Columbidae is a bird family consisting of doves and pigeons. It is the only family in the order Columbiformes. These are stout-bodied birds with small heads, relatively short necks and slender bills that in some...",birds_BRD05_dove.jpg
BRD07,Duck,Birds,3500,,,11,yes,"🐦 Domestic ducks are ducks that have been domesticated and raised for meat and eggs. A few are kept for show, or for their ornamental value. Domesticated ducks are descended mainly from the mallard, which was...",birds_BRD07_duck.jpg
BRD03,"Gouldian Finch",Birds,4000,,,8,yes,"🐦 Estrildidae, or estrildid finches, is a family of small seed-eating passerine birds of the Old World tropics and Australasia. They comprise species commonly known as munias, mannikins, firefinches, parrotfinches and...",birds_BRD03_golden-finch.jpg
BRD01,"Love bird",Birds,2500,,,6,yes,"🐦 Lovebird is the common name for the genus Agapornis, a small group of parrots in the Old World parrot family Psittaculidae. Of the nine extant species in the genus, all are native to the African continent, with the...",birds_BRD01_love-bird.jpg
BRD06,"Tiger hen",Birds,2000,,,10,yes,"🐦 The chicken is the domesticated form of the red junglefowl, originally native to Southeast Asia. It was first domesticated around 8,000 years ago and is one of the most common and widespread domesticated animals in...",birds_BRD06_tiger-hen.jpg
FSH01,"Catla Fish",Fish,100,,,1000,yes,"🐟 Catfish are a diverse group of ray-finned fish of the order Siluriformes. Catfish are named for their prominent barbels, which resemble a cat's whiskers, though not all catfish have prominent barbels. All Siluriformes...",fish_FSH01_catla-fish.jpg
FRT20,Amloki,"Fruit Trees",120,105,,0,no,"🌳 Amloki is the classic amla tree for kitchen gardens and orchard edges across South Asia. The small hardy tree fits kitchen gardens and orchard edges in Bangladesh. Full sun to light shade and moderate watering suit it...",fruit_FRT20_amloki.jpg
FRT19,"Amloki - red","Fruit Trees",300,260,,0,no,"🌳 Red amloki (Indian gooseberry) is a vitamin-rich fruit used fresh dried and in traditional recipes. The small hardy tree fits kitchen gardens and orchard edges in Bangladesh. Full sun to light shade and moderate...",fruit_FRT19_amloki-red.jpg
FRT24,"Burmese grape (Lotkon)","Fruit Trees",260,,,0,no,"🌳 Burmese grape or lotkon produces clusters of tangy fruit on a tropical tree that can handle partial to full sun. It is a charming local fruit specialty for Bangladesh gardens seeking something beyond mango and guava...",
FRT23,"Indian jujube (Boroi)","Fruit Trees",100,91,,0,no,"🌳 Indian jujube or boroi offers crisp apple-like fruit on a tough sun-loving tree. It thrives in heat and is ideal for drier garden corners in Bangladesh. Once established it needs only low to moderate water compared...",fruit_FRT23_indian-jujube-boroi.jpg
FRT21,"Jam (black Palm)","Fruit Trees",160,,,0,no,"🌳 Syzygium cumini, jam or black plum (kalojam), produces purple tangy-sweet fruit and a dense shade canopy. It is a long-lived outdoor tree for Bangladesh yards that want both fruit and summer relief. Full sun and...",fruit_FRT21_jam-black-palm.jpg
FRT22,"Jambura thai (Pomelo)","Fruit Trees",300,270,,0,no,"🌳 Thai jambura or pomelo is a large citrus with thick rind and refreshing segments. It needs full sun regular water and good drainage to thrive in Bangladesh gardens. The tree becomes a rewarding feature for patient...",fruit_FRT22_jambura-thai-pomelo.jpg
FRT15,"Jamrul - red","Fruit Trees",250,234,,0,no,"🌳 Red jamrul is the rosy wax-apple form with juicy mildly sweet fruit and colourful clusters. It is a favourite Bangladesh garden fruit for refreshing snacks in hot weather. The canopy is handsome enough to serve as a...",
FRT14,"Jamrul - white","Fruit Trees",150,130,,0,no,"🌳 White jamrul or wax apple produces crisp watery fruit on an attractive tropical tree. It is a favourite Bangladesh garden fruit for refreshing snacks in hot weather. The canopy is handsome enough to serve as a yard...",
FRT03,"Longan -  ruby","Fruit Trees",1200,1170,,0,no,"🌳 Dimocarpus longan, ruby longan, is grown for sweet translucent flesh inside a thin shell. It loves warm humid climates and rewards full-sun planting with aromatic fruit clusters. In Bangladesh gardens it is treated as...",
OTH42,"Longan - white","Fruit Trees",1800,1700,,0,no,"🌳 White longan offers sweet longan fruit tree with pale flesh for full-sun outdoor planting. It is a practical Bangladesh nursery plant grown for sweet longan clusters. Place it in full sun for the strongest...",
FRT02,"Pomegranate (anar)","Fruit Trees",455,,,0,no,"🌳 Punica granatum, pomegranate or anar, bears jewel-like arils and bright blossoms on a compact fruiting shrub or small tree. It suits Bangladesh sunny courtyards because it stays manageable while still yielding...",
FRT04,Rambutan,"Fruit Trees",0,,,0,no,"🌳 Nephelium lappaceum, rambutan, is famous for hairy-skinned fruit and juicy lychee-like flesh. It prefers humid warmth, bright sun, and shelter from harsh dry winds when young. Bangladesh growers with spacious plots...",
OTH48,"Sapodilla (Sofeda) - thai","Fruit Trees",200,196,,0,no,"🌳 Thai sofeda offers brown sugar-sweet fruit on a dense evergreen tree. It is a practical Bangladesh nursery plant grown for soft brown sugar fruit. Place it in full sun for the strongest performance. Fertile...",
OTH18,"Golden shower","Flowering Plants",260,,,0,no,"🌳 Golden shower offers cascading yellow flower chains on a graceful summer tree. Bangladesh gardeners plant it for spectacular golden blooms in warm outdoor conditions. It prefers full sun and fertile free-draining...",
OTH02,"mandevilla plant pink","Flowering Plants",325,,,0,no,"🌳 Pink mandevilla offers vivid pink trumpets that climb and cascade through the warm season. It is a show-stopping colour plant for sunny Bangladesh balconies and courtyard rails. Growth is vigorous in heat when water...",
OTH01,"mandevilla plant white","Flowering Plants",325,,,0,no,"🌳 White mandevilla produces elegant trumpet blooms on a twining climber for railings and trellis. It is a warm-season favourite for Bangladesh balconies seeking clean white colour. The vine climbs steadily when given a...",
OTH05,"nageshwar flower","Flowering Plants",130,,,0,no,"🌳 Nageshwar is a sacred ironwood with fragrant white flowers and dense evergreen foliage. It is planted in Bangladesh for ceremonial beauty and long-term ornamental hardwood character. Growth is steady rather than rapid...",
OTH20,"Nilmoni Lota","Flowering Plants",290,,,0,no,"🌳 Nilmoni lota offers indigo flowers used as natural colour and tea. Bangladesh gardeners plant it for striking blue pea flowers in warm outdoor conditions. It prefers full sun and fertile free-draining soil. Regular...",
OTH25,"Oleander (Korobi -red)","Flowering Plants",0,,,0,no,"🌳 Oleander korobi red offers tough evergreen with abundant red flower clusters; handle with care as it is toxic if ingested. Bangladesh gardeners plant it for continuous warm-season blooms in warm outdoor conditions. It...",
OTH52,Parul,"Flowering Plants",0,,,0,no,"🌳 Parul offers fragrant traditional flowering tree for avenues and large gardens. It is a practical Bangladesh nursery plant grown for soft fragrant flower clusters. Place it in full sun for the strongest performance...",
OTH60,"Rain Lily","Flowering Plants",0,,,0,no,"🌳 Rain lily offers pink fairy-like flowers that appear after monsoon rains. It is a practical Bangladesh nursery plant grown for delicate pink rain blooms. Place it in bright outdoor light for the strongest performance...",
OTH13,Tikuma,"Flowering Plants",160,,,0,no,"🌳 Tikuma offers fragrant seasonal blossoms for home gardens. In Bangladesh gardens it is grown for night-scented flowering for traditional courtyards. Provide fertile free-draining soil and consistent moisture while...",
